{"0xE49c7765B80385fE235cbA2AB933aC95262011E9": 0.002425777729556759, "0x1FF1acdDDBcDd64d2776f154c07A93619d8b082E": 0.002780326289057241, "0x72f4Fc30CD0d89a9CfCf14Bac942E4fE60b00430": 0.00117154546173025, "0xcA9f70B660f7529f0D6aF65dE8AF4545e8c473f4": 0.006271495626975289, "0x50D0Cb23136dd472980CC35d678A499D48E2d5f3": 0.006849846244018802, "0xcEfa4Ba67E18b2b0dD9eB194167a1FD2E274bf3c": 0.0, "0xe8d02fd08E0615Fe765193f776b7f8De9b1669FD": 0.003999732581413183, "0xe8c707abc38bB6b69fc26BdCDc88f80459611281": 0.008124844839327981, "0xec461277cB9F2d3F67E1b9eE601960777a93389C": 0.005064028445242929, "0x88A3CD2DFbB526292f3A7e49B2011E672a1d50d3": 0.007866710441958757}